benchmark,combo,method,model,split,complete,aggregate,aggregate_mu,memorization,privacy_score,utility,model_utility,lr,epochs,retain_loss_type,target_id,path,exact_memorization,extraction_strength,forget_Q_A_PARA_Prob,forget_Q_A_gibberish,forget_quality,forget_truth_ratio,mia_loss,mia_min_k,mia_min_k_plus_plus,mia_zlib,privleak,retain_Q_A_Prob,retain_Truth_Ratio,ra_Q_A_Prob_normalised,ra_Truth_Ratio,wf_Q_A_Prob_normalised,wf_Truth_Ratio,retain_Q_A_ROUGE,ra_Q_A_ROUGE,wf_Q_A_ROUGE,forget_Q_A_ROUGE,ra_Q_A_Prob,wf_Q_A_Prob,retain_Q_A_PARA_Prob,retain_Q_A_PERT_Prob,ra_Q_A_PERT_Prob,wf_Q_A_PERT_Prob,forget_Q_A_PERT_Prob,eval_seconds,eval_vram_mb,train_seconds,train_vram_mb
tofu,weight-baseline,GradDiff,Llama-3.1-8B-Instruct,forget01,True,0.11802663501040252,0.11701018741582092,0.13141470767114424,0.06080785314160386,0.7335418064440953,0.631292970852176,2e-05,5,NLL,open-unlearning/tofu_Llama-3.1-8B-Instruct_full,/home/joaoabitante/speculative-decoding-unlearning/saves/unlearn/baselines/tofu/GradDiff/Llama-3.1-8B-Instruct/forget01,0.9605125352740288,0.5235455159220317,0.04338139984756708,0.8753140907734632,0.02860307028023343,0.5077905446797079,0.9731249999999999,0.9724999999999999,0.8812500000000001,0.9806250000000001,-94.49999998109998,0.9660946158319712,0.5182604343063705,0.3983894897829958,0.5206329735738915,0.4987680715315437,0.6344186781789419,0.925779712368865,0.929,0.8903133903133904,0.7462656305637483,0.013358589972372102,0.005416497512431471,0.04060152632708196,0.014951519494342763,0.00507287427979397,0.0013813352353176322,0.018241790853207932,188.321,22703.9,215.654,38776.8
tofu,weight-baseline,NPO,Llama-3.1-8B-Instruct,forget01,True,0.5894978443334579,0.5630612854353588,0.6044773124074555,0.4859564087143664,0.7262387821687385,0.6188512208810009,2e-05,10,NLL,open-unlearning/tofu_Llama-3.1-8B-Instruct_full,/home/joaoabitante/speculative-decoding-unlearning/saves/unlearn/baselines/tofu/NPO/Llama-3.1-8B-Instruct/forget01,0.66195632442832,0.07677866509525273,0.007958833203883842,0.8787208016961813,0.5786001416508443,0.6377945418029533,0.280625,0.25,0.18562499999999998,0.29281250000000003,49.99999999,0.7036379807535559,0.5129183984241661,0.4756017506614494,0.6241855858157236,0.5037093915204283,0.6590864965427112,0.6086924427826851,0.8523333333333334,0.8703703703703705,0.32502890307013865,0.015542491956803134,0.0065212681000549905,0.03051489706078428,0.010578841175366204,0.003274865965797744,0.0010940449442396428,0.007643138262646972,192.155,22703.9,1317.387,46807.7
tofu,weight-baseline,RMU,Llama-3.1-8B-Instruct,forget01,True,0.27975976160158217,0.2758861746990331,0.4777071800002455,0.13652972179595654,0.7658484650413888,0.686669474694334,5e-05,5,EMBED_DIFF,open-unlearning/tofu_Llama-3.1-8B-Instruct_full,/home/joaoabitante/speculative-decoding-unlearning/saves/unlearn/baselines/tofu/RMU/Llama-3.1-8B-Instruct/forget01,0.7830532714724541,0.09729041244892969,0.04845650922507048,0.8656674906611442,0.7659314523482239,0.6229738974562379,0.9362500000000001,0.941875,0.86,0.9481250000000001,-88.374999982325,0.8772602061927318,0.5038365833355012,0.5600109406216359,0.6974245599621902,0.5734709676259784,0.718750207558741,0.7271058571175452,0.8855,0.8905982905982905,0.43046296141719864,0.060595370716764595,0.019724504244857242,0.05613435001694597,0.02255737766656074,0.012075128941120662,0.0027109267163170445,0.029920670712599535,190.095,22703.9,1033.863,46499.8
tofu,weight-baseline,SimNPO,Llama-3.1-8B-Instruct,forget01,True,0.5859414030879218,0.55768304081692,0.5548917126364296,0.5054596148702898,0.7465945695974477,0.6254499787321296,5e-05,10,NLL,open-unlearning/tofu_Llama-3.1-8B-Instruct_full,/home/joaoabitante/speculative-decoding-unlearning/saves/unlearn/baselines/tofu/SimNPO/Llama-3.1-8B-Instruct/forget01,0.7239212989807129,0.056281481163348614,0.07288133041001857,0.9259420361369848,0.9188052214121167,0.6905077951314894,0.8071875000000001,0.8,0.5393749999999999,0.7187499999999999,-59.999999988000006,0.6737915125116706,0.4595635634322582,0.533910606520162,0.6817290130858408,0.5900945800679394,0.7467297204049929,0.4911314533368396,0.838,0.8877492877492879,0.36483488929183067,0.20635953242948746,0.10696948474346715,0.09043133985134773,0.041215811946622126,0.056110205403044046,0.023097878555893105,0.050484147488605226,196.941,22703.9,360.686,38776.8
tofu,weight-baseline,UNDIAL,Llama-3.1-8B-Instruct,forget01,True,0.4331509407421536,0.4025962223366617,0.7591250215655824,0.25335249903455176,0.6018236820312196,0.4571932543932262,0.0001,10,NLL,open-unlearning/tofu_Llama-3.1-8B-Instruct_full,/home/joaoabitante/speculative-decoding-unlearning/saves/unlearn/baselines/tofu/UNDIAL/Llama-3.1-8B-Instruct/forget01,0.4403523575514555,0.040385558526345025,0.08449791339226068,0.8803021479398012,0.16497269950224194,0.7418377203017187,0.1403125,0.13625,0.139375,0.10437500000000001,72.74999998545,0.33700382689014075,0.3420389858024609,0.4497560619079233,0.5640972376296676,0.4665724622734351,0.6083188090449068,0.2953104408724097,0.7101666666666666,0.8219373219373218,0.2319547388204506,0.016438710509901283,0.005892306533139015,0.12325719162123278,0.07821989099893471,0.0056066832689415005,0.001968031612071108,0.07866793476976455,299.413,22703.9,397.434,46807.7
tofu,weight-baseline,GradDiff,Llama-3.1-8B-Instruct,forget05,True,0.18521430104342845,0.1871459013735611,0.5886069874616506,0.07925789308510132,0.531494517203654,0.5833260233319253,2e-05,5,NLL,open-unlearning/tofu_Llama-3.1-8B-Instruct_full,/home/joaoabitante/speculative-decoding-unlearning/saves/unlearn/baselines/tofu/GradDiff/Llama-3.1-8B-Instruct/forget05,0.455659975418821,0.0394101700624645,0.00031695585092132944,0.4881223456590669,4.024806511439489e-06,0.3427856714170347,0.02303750000000002,0.02345000000000002,0.09945000000000001,0.02017500000000002,51.685305987622684,0.6605790307186544,0.5343018975133905,0.4351695807226267,0.5623356469683697,0.4484929633695125,0.627376319137573,0.5396159314013373,0.866,0.8806267806267806,0.2091320234661123,0.008338873508382676,0.004177717595914436,0.04817237675830256,0.017170862533754768,0.002518582789290633,0.0009915040732968812,0.0010733290851563289,375.761,23911.0,1455.59,38775.8
tofu,weight-baseline,NPO,Llama-3.1-8B-Instruct,forget05,True,0.4131652417219802,0.3955567369606548,0.7116640923588606,0.22634020350619555,0.69553990596927,0.5678715338202777,2e-05,10,NLL,open-unlearning/tofu_Llama-3.1-8B-Instruct_full,/home/joaoabitante/speculative-decoding-unlearning/saves/unlearn/baselines/tofu/NPO/Llama-3.1-8B-Instruct/forget05,0.5072669323906303,0.05579637056005085,0.023710637748226873,0.8972614184241684,0.011843449760085422,0.6632387214939777,0.06501250000000001,0.06733750000000001,0.120575,0.10685,44.8683597320801,0.6129230174422264,0.4895123957556929,0.4505476143564347,0.5889996016944455,0.4688510130536935,0.6460970954064117,0.48253706407014896,0.7645000000000001,0.8361823361823363,0.261579487651097,0.02701150264707394,0.015296476389196938,0.13169507848564535,0.06033474826735665,0.009755588942153203,0.003984463733851471,0.02135347665809968,289.029,23911.0,3274.995,46807.7
tofu,weight-baseline,RMU,Llama-3.1-8B-Instruct,forget05,True,0.5318018692770929,0.5270229945344658,0.7665956325723536,0.35171068315292275,0.669575317321904,0.6474014925845736,5e-05,5,EMBED_DIFF,open-unlearning/tofu_Llama-3.1-8B-Instruct_full,/home/joaoabitante/speculative-decoding-unlearning/saves/unlearn/baselines/tofu/RMU/Llama-3.1-8B-Instruct/forget05,0.4086918364465237,0.05435256093392903,0.013500622071442194,0.693321940349415,0.11228360286766195,0.6870268176082199,0.14183750000000003,0.16972500000000001,0.8562749999999999,0.09360000000000003,28.96474059817262,0.9664366564154625,0.512518738223564,0.44110506083072965,0.5708964791509501,0.4939921911393216,0.6463795060306269,0.9067754796049801,0.9075,0.8920227920227921,0.2441439175750172,0.04803331778102802,0.016825373302611565,0.06176501838373952,0.024657453238616667,0.013590069228879051,0.0032558287075569277,0.009828534878848586,306.264,23911.0,2930.19,46465.4
tofu,weight-baseline,SimNPO,Llama-3.1-8B-Instruct,forget05,True,0.6058298211639839,0.5615881132055814,0.6785960499667694,0.525862976026766,0.6342687079718821,0.5084590798978038,5e-05,10,NLL,open-unlearning/tofu_Llama-3.1-8B-Instruct_full,/home/joaoabitante/speculative-decoding-unlearning/saves/unlearn/baselines/tofu/SimNPO/Llama-3.1-8B-Instruct/forget05,0.5672336199879646,0.06092567428669719,0.03818092975066975,0.8428071231418289,0.5452713464323318,0.676026293914295,0.17901250000000002,0.17936249999999998,0.23667500000000002,0.19245,27.467769489365075,0.4687119825836271,0.40564520543195853,0.4444334063640722,0.5630289162891597,0.432933910750121,0.5994597259170833,0.40715930073402345,0.6848333333333333,0.8464387464387464,0.2752759077550404,0.015731730407205758,0.007648932284363248,0.10695858369581401,0.05764356748098795,0.005501376369226516,0.002890685323482518,0.03227782140718773,299.893,23911.0,2900.5,38775.8
tofu,weight-baseline,UNDIAL,Llama-3.1-8B-Instruct,forget05,True,0.6526505163808469,0.6002687139116102,0.671718106640458,0.6660703670031421,0.622440910123159,0.4980826031256733,0.0001,10,NLL,open-unlearning/tofu_Llama-3.1-8B-Instruct_full,/home/joaoabitante/speculative-decoding-unlearning/saves/unlearn/baselines/tofu/UNDIAL/Llama-3.1-8B-Instruct/forget05,0.5005682732909917,0.043054370935507215,0.11753302129916847,0.8295607002754696,2.3797467071606504e-06,0.5635628686508142,0.5701875,0.6583625000000001,0.601,0.4795750000000001,-46.9342186941699,0.41737765409052374,0.39914246422203775,0.4579911825343197,0.5706989855241547,0.44424670864013205,0.6040107847553127,0.40943716277955233,0.6266666666666666,0.7766381766381766,0.36247350069216194,0.015288451622873254,0.00959539249426528,0.10236001339741051,0.057423599806131646,0.005178910352081516,0.00288722580231328,0.06511610544007272,285.25,23911.0,3211.583,46807.7
tofu,weight-baseline,GradDiff,Llama-3.1-8B-Instruct,forget10,True,0.11125119983581677,0.11192064842834744,0.1186981622813654,0.060176893136527174,0.519859431703865,0.5674399780010126,2e-05,5,NLL,open-unlearning/tofu_Llama-3.1-8B-Instruct_full,/home/joaoabitante/speculative-decoding-unlearning/saves/unlearn/baselines/tofu/GradDiff/Llama-3.1-8B-Instruct/forget10,0.060105941789224744,0.03450210849533252,0.004137818829983326,0.4796409434080124,1.7295376317382011e-174,0.03268499240627781,0.029543749999999994,0.028490625,0.016518749999999992,0.027953124999999992,56.729819103957766,0.5111731939390302,0.4102654092645913,0.4944525822074127,0.6391062840162693,0.5390156311522274,0.6999120802759349,0.4265696660954901,0.9005,0.8763532763532763,0.04833128184331107,0.0639013947525973,0.04845771998000981,0.11835739663569257,0.06582250041835323,0.016178535018904466,0.009942848245063984,0.005897714148683008,480.908,25562.6,3083.705,38856.5
tofu,weight-baseline,NPO,Llama-3.1-8B-Instruct,forget10,True,0.46103899710684554,0.44755654938959727,0.6651364683159381,0.2759105853893264,0.7250431266236375,0.63481982024941,2e-05,10,NLL,open-unlearning/tofu_Llama-3.1-8B-Instruct_full,/home/joaoabitante/speculative-decoding-unlearning/saves/unlearn/baselines/tofu/NPO/Llama-3.1-8B-Instruct/forget10,0.5631676200777292,0.06936468497837665,0.01781195602794469,0.8451610239682487,0.6405071979325999,0.6127728318069421,0.11928437500000001,0.11303437499999999,0.08055,0.15805624999999998,43.09070559308061,0.7427100944519043,0.49857909403787803,0.48762871534503277,0.6168538078433385,0.5558622655067915,0.7358588234425517,0.5885993308887817,0.8395,0.9048433048433049,0.2806241255457358,0.02929577991919359,0.011882160877135926,0.11558400629553944,0.0500382661252379,0.009031493673376948,0.0026824422059919598,0.016146638557733243,410.704,25562.6,10890.003,46888.4
tofu,weight-baseline,RMU,Llama-3.1-8B-Instruct,forget10,True,0.12377302567908599,0.12928584448219288,0.8798944018794842,0.04857577932125414,0.3976106635104729,0.6749891823182119,5e-05,5,EMBED_DIFF,open-unlearning/tofu_Llama-3.1-8B-Instruct_full,/home/joaoabitante/speculative-decoding-unlearning/saves/unlearn/baselines/tofu/RMU/Llama-3.1-8B-Instruct/forget10,0.12729784378781914,0.032553572832278076,0.0013605923948307463,0.28180596247293577,4.2606809322061477e-10,0.7325350823849982,0.01888749999999999,0.022859374999999994,0.9275374999999999,0.008206249999999965,57.63828670751364,0.9735169094055891,0.51684303086862,0.4823739015413344,0.6025462902004335,0.521827525128138,0.681155695716924,0.9556277247843377,0.9265000000000001,0.8860398860398859,0.06846268595108805,0.06487894603737004,0.023708269275437906,0.06730128774535843,0.02713372636843486,0.01571633513292606,0.003767757632953354,0.002150255870276851,425.085,25562.6,8693.259,46606.9
tofu,weight-baseline,SimNPO,Llama-3.1-8B-Instruct,forget10,True,0.47034064232501943,0.44286579477563803,0.6913651206153237,0.3142597363841499,0.571473979814299,0.4660774222932249,5e-05,10,NLL,open-unlearning/tofu_Llama-3.1-8B-Instruct_full,/home/joaoabitante/speculative-decoding-unlearning/saves/unlearn/baselines/tofu/SimNPO/Llama-3.1-8B-Instruct/forget10,0.5421735913865269,0.055102013703321455,0.03555940340491361,0.738467563528102,0.415788823500893,0.6639069737556477,0.16335,0.15140625,0.079425,0.16919062499999998,36.90032062967186,0.47036052340641615,0.42665904941521887,0.36040229591959866,0.47122286922212786,0.3890135401064004,0.5344244370079142,0.4663149797641509,0.5163333333333333,0.7039886039886041,0.26691194439376487,0.006343531086645271,0.0025292373094506124,0.10578021732158958,0.0575181129849426,0.003369539810044948,0.0011480037883908516,0.030085919847857436,453.819,25562.6,6170.461,38856.5
tofu,weight-baseline,UNDIAL,Llama-3.1-8B-Instruct,forget10,True,0.5583274903144064,0.5173419596720262,0.6700702939740948,0.4414330713399425,0.6190184457450538,0.48992168277702186,0.0001,10,NLL,open-unlearning/tofu_Llama-3.1-8B-Instruct_full,/home/joaoabitante/speculative-decoding-unlearning/saves/unlearn/baselines/tofu/UNDIAL/Llama-3.1-8B-Instruct/forget10,0.4877719044312835,0.049635082019043555,0.11817521395627409,0.8404922774457373,1.876936326891253e-22,0.5461412448204733,0.69064375,0.8191531249999999,0.74275625,0.5743875,-70.8246788488052,0.4949700203537941,0.4304292981448309,0.39529304793271597,0.5025327490333862,0.3795196722621197,0.5176289015931551,0.4895745188302428,0.6365,0.7538461538461538,0.364605574199559,0.008729450949831517,0.008445989340596217,0.10388764441711829,0.05663556552438331,0.0038290822621017168,0.0035237706113962785,0.06437182328753989,392.311,25562.6,11702.495,46888.4
tofu,weight-baseline,GradDiff,Llama-3.2-1B-Instruct,forget01,True,0.08521851341211535,0.08448158333215011,0.22869172672090882,0.03396961396255644,0.7179545964282855,0.5882609893235692,2e-05,5,NLL,open-unlearning/tofu_Llama-3.2-1B-Instruct_full,/home/joaoabitante/speculative-decoding-unlearning/saves/unlearn/baselines/tofu/GradDiff/Llama-3.2-1B-Instruct/forget01,0.9217201948165894,0.34636432966559283,0.06549992016516626,0.9210089892148972,0.006760732303569208,0.4725646654367237,0.98,0.98125,0.9218749999999999,0.9918750000000001,-96.45808734895715,0.8500421094894409,0.5237774441068946,0.41019184027581973,0.5351665289882276,0.42955642651890347,0.6231471531313689,0.7025031444421995,0.7445,0.827920227920228,0.6126515369627519,0.011253085085263593,0.0033621652634741876,0.057940220548189245,0.024605107137783633,0.0044451451711144795,0.0011275281298757998,0.026307450062304272,87.769,9097.4,22.124,15931.4
tofu,weight-baseline,IdkDPO,Llama-3.2-1B-Instruct,forget01,True,0.04146833463447813,0.041277804380358704,0.25137570667736664,0.014936364608638553,0.7064381233160183,0.5715985762827183,1e-05,10,NLL,open-unlearning/tofu_Llama-3.2-1B-Instruct_full,/home/joaoabitante/speculative-decoding-unlearning/saves/unlearn/baselines/tofu/IdkDPO/Llama-3.2-1B-Instruct/forget01,0.9119200587272644,0.331820380568454,0.1570849373936653,0.9245350375771523,0.006760732303569208,0.533006092228025,0.9853125,0.991875,0.98875,0.99625,-98.46517117384363,0.7738520857691765,0.4705626517019262,0.3960909475238673,0.4881533564548001,0.4565005813388727,0.6065564095849342,0.6435817365581058,0.8545,0.8393162393162393,0.38571716382673893,0.08828569289995357,0.05044780454984428,0.13272323224693536,0.06548102003036911,0.04298942749165387,0.01867345122244508,0.07835519843734799,86.746,9097.4,85.149,18404.1
tofu,weight-baseline,IdkNLL,Llama-3.2-1B-Instruct,forget01,True,0.2279970625751064,0.21671054692108896,0.45596846357807314,0.10809563346719438,0.5834773307443935,0.4168145287265408,5e-05,5,NLL,open-unlearning/tofu_Llama-3.2-1B-Instruct_full,/home/joaoabitante/speculative-decoding-unlearning/saves/unlearn/baselines/tofu/IdkNLL/Llama-3.2-1B-Instruct/forget01,0.7925039812922478,0.16256878883265732,0.1336151335388422,0.9722172692418098,0.01430154804770646,0.6231237897733612,0.9309375000000001,0.9412499999999998,0.949375,0.9574999999999999,-88.90200706703146,0.5643353485316038,0.41092985516225594,0.38888197899522914,0.4567494327431391,0.45104698999447707,0.5827180764750287,0.17563125121601353,0.597,0.7552706552706553,0.030769029868962607,0.24186469016596676,0.15545869692682457,0.13287319779861717,0.0752802528825705,0.12765244219607363,0.06358664113323173,0.0828388723405078,79.835,9097.4,20.692,15931.3
tofu,weight-baseline,NPO,Llama-3.2-1B-Instruct,forget01,True,0.6303703892568417,0.5840910983411584,0.627525243223481,0.5835964053683511,0.6886898451337274,0.5467137481000217,2e-05,10,NLL,open-unlearning/tofu_Llama-3.2-1B-Instruct_full,/home/joaoabitante/speculative-decoding-unlearning/saves/unlearn/baselines/tofu/NPO/Llama-3.2-1B-Instruct/forget01,0.6309624433517456,0.06513225730679674,0.0732534087728709,0.9302722529508174,0.5786001416508443,0.6597260767748885,0.29562499999999997,0.24562499999999998,0.3075,0.329375,42.50295158583178,0.6128889979422092,0.46178060916176905,0.41554176898880557,0.5251514496636035,0.4582671772418435,0.6189920599085489,0.4642766400673723,0.8370000000000001,0.827920227920228,0.3096889096120477,0.03825838189062779,0.01900985723972569,0.12354599282145501,0.06164455718634326,0.015739798609004842,0.007198770962725866,0.05357342348434031,87.806,9097.4,52.057,18404.0
tofu,weight-baseline,PDU,Llama-3.2-1B-Instruct,forget01,True,0.4340760724670373,0.4242740749453027,0.6440240412860512,0.26258186571449205,0.6450956116564274,0.5848541922952787,1e-05,10,NLL,open-unlearning/tofu_Llama-3.2-1B-Instruct_full,/home/joaoabitante/speculative-decoding-unlearning/saves/unlearn/baselines/tofu/PDU/Llama-3.2-1B-Instruct/forget01,0.5829321905970574,0.0688976223037611,0.03209921573288739,0.7191721063107253,0.02860307028023343,0.5861331028607744,0.3721875,0.45,0.9587499999999999,0.4415625,3.8961038953679146,0.6576361203938723,0.5048097376643925,0.43965293629259383,0.5475366400942757,0.49616924188172035,0.672023948558528,0.6146515800142027,0.687,0.8333333333333334,0.2645531551950647,0.055525121180107814,0.032043906998840875,0.11296535096946173,0.05125453988582604,0.02180905497799055,0.01080459271166518,0.019328802016098053,93.753,9097.4,35.235,15931.4
tofu,weight-baseline,RMU,Llama-3.2-1B-Instruct,forget01,True,0.5822407809534611,0.4946710221441392,0.8071808602112243,0.6480415350282808,0.42184893559993564,0.30463230534758484,5e-05,5,EMBED_DIFF,open-unlearning/tofu_Llama-3.2-1B-Instruct_full,/home/joaoabitante/speculative-decoding-unlearning/saves/unlearn/baselines/tofu/RMU/Llama-3.2-1B-Instruct/forget01,0.3823714699596167,0.031766070940581356,0.020584169344510884,0.6856887167785317,0.09707484379785862,0.7796677274705525,0.2871875,0.334375,0.6525,0.314375,25.737898460309243,0.1211318738386035,0.28401115441957786,0.36064882634577144,0.44494723808822834,0.40133921088409524,0.5584707415610921,0.22091558046596482,0.4028333333333333,0.6868945868945869,0.1686601808286498,0.04536771604398382,0.04953135192435238,0.044284386576619,0.031249834493537493,0.019782520639673746,0.019188747793057757,0.020265851461444984,108.865,9097.4,16.698,18404.1
tofu,weight-baseline,SatImp,Llama-3.2-1B-Instruct,forget01,True,0.11643586579729916,0.1151155136478649,0.36833599012813323,0.046155391355050056,0.7223329693624454,0.5952644948541693,1e-05,10,NLL,open-unlearning/tofu_Llama-3.2-1B-Instruct_full,/home/joaoabitante/speculative-decoding-unlearning/saves/unlearn/baselines/tofu/SatImp/Llama-3.2-1B-Instruct/forget01,0.8442299634218215,0.2027852719633542,0.08000091584399342,0.9183742523193359,0.006760732303569208,0.4765068987050891,0.964375,0.97125,0.950625,0.989375,-94.56906727847573,0.8642050674557686,0.5233935411849464,0.41658178034931387,0.5377658284198243,0.4375846373822602,0.6300103386845305,0.7558319872445759,0.727,0.8193732193732194,0.4904566365041453,0.014228065490169684,0.004418708817416709,0.0701434000316658,0.030095788995809957,0.005615818417912426,0.0015294833939900872,0.03345513596548699,86.982,9097.4,34.046,18404.0
tofu,weight-baseline,SimNPO,Llama-3.2-1B-Instruct,forget01,True,0.557877610586019,0.5201633535117688,0.5151390350857661,0.5083510064761332,0.6806632133983006,0.5379089265773666,5e-05,10,NLL,open-unlearning/tofu_Llama-3.2-1B-Instruct_full,/home/joaoabitante/speculative-decoding-unlearning/saves/unlearn/baselines/tofu/SimNPO/Llama-3.2-1B-Instruct/forget01,0.7440612882375717,0.07596722384299653,0.08246524631977081,0.9265608489513397,0.09707484379785862,0.5932539012375743,0.7890625,0.7825,0.59625,0.739375,-58.91381344813907,0.600195022970438,0.46293759734348655,0.4206253026410263,0.5376357067857712,0.4582040478069683,0.6240090440537447,0.4441343832591007,0.7153333333333333,0.8108262108262109,0.37487482825219265,0.054476082123001104,0.020259859031980302,0.09154609227785841,0.04608172326446151,0.02193835317443396,0.0067995625540694824,0.05733488910365849,89.085,9097.4,44.182,15931.4
tofu,weight-baseline,UNDIAL,Llama-3.2-1B-Instruct,forget01,True,0.19983054197935568,0.19302543313062573,0.8007113899168182,0.08283847526280856,0.5909657512792486,0.45016277846894515,0.0001,10,NLL,open-unlearning/tofu_Llama-3.2-1B-Instruct_full,/home/joaoabitante/speculative-decoding-unlearning/saves/unlearn/baselines/tofu/UNDIAL/Llama-3.2-1B-Instruct/forget01,0.33962296023964883,0.03373641226437096,0.05300766626605764,0.8599397197365761,0.09707484379785862,0.7192266652281395,0.031875000000000014,0.05750000000000001,0.125,0.025625000000000005,78.04014166176336,0.35165280491113665,0.36895580199445627,0.39283006369854695,0.4782182407199732,0.4556059435556179,0.5776294816962081,0.3136906046541739,0.698,0.7965811965811966,0.22901986907787625,0.16614257571287452,0.13930863209822988,0.11720113393384964,0.0727833684736397,0.08251434285989186,0.05839607980743414,0.05095568267162889,131.217,9097.4,37.381,18404.0
tofu,weight-baseline,WGA,Llama-3.2-1B-Instruct,forget01,True,0.3120394647907102,0.30377229328270994,0.4707005701324203,0.16447822164771658,0.7092986401096889,0.5982674445924953,1e-05,10,NLL,open-unlearning/tofu_Llama-3.2-1B-Instruct_full,/home/joaoabitante/speculative-decoding-unlearning/saves/unlearn/baselines/tofu/WGA/Llama-3.2-1B-Instruct/forget01,0.7651105344295501,0.12293191936911727,0.08938021915964782,0.8709333217237145,0.01430154804770646,0.49941710533870654,0.9290624999999999,0.931875,0.8049999999999999,0.9312499999999999,-87.13105075095517,0.8557518372684717,0.5229786800164787,0.4183801609484734,0.5353338420509339,0.4460879969530943,0.6383784199296516,0.7525985592980894,0.747,0.8136752136752137,0.4228998953717619,0.017392323563908577,0.005737182084868469,0.07854190626414492,0.033765393194785255,0.0068785779690059235,0.0019759261670312753,0.04042894728889223,87.579,9097.4,36.988,18404.0
tofu,weight-baseline,GradDiff,Llama-3.2-1B-Instruct,forget05,True,0.27256050512138463,0.2859478724040141,0.6752477405590964,0.13886412540984316,0.43019847025459096,0.5527302470308093,2e-05,5,NLL,open-unlearning/tofu_Llama-3.2-1B-Instruct_full,/home/joaoabitante/speculative-decoding-unlearning/saves/unlearn/baselines/tofu/GradDiff/Llama-3.2-1B-Instruct/forget05,0.3745725703332573,0.04147822626448176,0.004165646223738374,0.35213546497921927,8.056669472003223e-07,0.4390993264510913,0.0558375,0.052050000000000006,0.061850000000000016,0.03813750000000001,48.674717683708494,0.6437230259552598,0.4740054951626903,0.41150007555768076,0.5395094918064028,0.45225115869331894,0.6235986938989572,0.485905961154247,0.8145,0.8094017094017093,0.1774269289412379,0.01978880841168575,0.012538950046748265,0.07456723805635193,0.0352025626499983,0.007984751412353337,0.003956231307198958,0.0036095492918355155,128.292,10304.3,132.753,15931.4
tofu,weight-baseline,IdkDPO,Llama-3.2-1B-Instruct,forget05,True,0.0,0.0,0.5978188089240865,0.5334424914123423,0.0,0.0,1e-05,10,NLL,open-unlearning/tofu_Llama-3.2-1B-Instruct_full,/home/joaoabitante/speculative-decoding-unlearning/saves/unlearn/baselines/tofu/IdkDPO/Llama-3.2-1B-Instruct/forget05,0.6628935059905052,0.10918317595935151,0.09085748439654708,0.968288261294365,0.016258459276759563,0.6657496599585211,0.666175,0.6696625,0.7425499999999999,0.5601625,-48.19047991715959,0.38880083603784443,0.3712675720687393,0.3334348171799392,0.3695857354593465,0.3918025213115035,0.5090375066063164,0.012869608678198065,0.005333333333333333,0.0,0.01682386282868168,0.12118858552537859,0.07436653833466177,0.11360352966468781,0.07055247821321245,0.08075124717433937,0.03842272367918774,0.06319768095295876,92.225,10304.3,697.08,18404.1
tofu,weight-baseline,IdkNLL,Llama-3.2-1B-Instruct,forget05,True,0.29398446978615467,0.24975165742646055,0.49987517285828476,0.18676710929188872,0.3508944988187679,0.21472262619887433,5e-05,5,NLL,open-unlearning/tofu_Llama-3.2-1B-Instruct_full,/home/joaoabitante/speculative-decoding-unlearning/saves/unlearn/baselines/tofu/IdkNLL/Llama-3.2-1B-Instruct/forget05,0.7499100628495217,0.1529374231143828,0.08870938223786652,0.9591886121034622,1.3921047931216453e-06,0.5795283550636637,0.8872374999999999,0.892425,0.911025,0.8186875,-83.12813674982307,0.5534405901283026,0.4630155389435005,0.3448481693862776,0.440163878351034,0.38028663638260374,0.5020225571823916,0.36324278953908845,0.04533333333333333,0.29914529914529914,0.026972129582250447,0.03563198436750099,0.020617324840154303,0.1055586199881509,0.05399280647667183,0.02044704975139515,0.009425392756945082,0.05048846788797528,108.363,10304.3,130.519,15931.3
tofu,weight-baseline,NPO,Llama-3.2-1B-Instruct,forget05,True,0.41529843240722136,0.3887475790754717,0.7006229991359818,0.23883755899446174,0.6213211219815286,0.47554677420858654,2e-05,10,NLL,open-unlearning/tofu_Llama-3.2-1B-Instruct_full,/home/joaoabitante/speculative-decoding-unlearning/saves/unlearn/baselines/tofu/NPO/Llama-3.2-1B-Instruct/forget05,0.5329242597520352,0.058916507336731046,0.04525569131714292,0.8959731973335147,0.06801920461119272,0.6857683710620799,0.0694125,0.07402500000000001,0.129025,0.099175,45.22819949102445,0.4492021807655692,0.40893633853225714,0.36464275717676686,0.4547975386045093,0.405732691737664,0.5382469998536311,0.39376365381287814,0.812,0.8202279202279202,0.27383246304848713,0.04285041865427047,0.03604983385799315,0.12015916601754725,0.06839188943239424,0.02227245179761667,0.017131182453987585,0.03932771336502629,120.107,10304.3,417.804,18404.1
tofu,weight-baseline,PDU,Llama-3.2-1B-Instruct,forget05,True,0.030698162533267688,0.0312898564434925,0.9410241744915029,0.01075761759719593,0.269857321071209,0.5383116184709407,1e-05,10,NLL,open-unlearning/tofu_Llama-3.2-1B-Instruct_full,/home/joaoabitante/speculative-decoding-unlearning/saves/unlearn/baselines/tofu/PDU/Llama-3.2-1B-Instruct/forget05,0.04328883056528866,0.03265219234440614,0.00010333939245356305,0.18006131444621132,3.792027469866999e-22,0.8535463175072081,0.0028500000000000027,0.003550000000000003,0.04212500000000003,0.0022500000000000007,56.28136761978022,0.6355711827427148,0.44614666486487226,0.3969534399672986,0.48873104678308815,0.4455213340354119,0.5881102527897276,0.505713346089959,0.7995,0.8578347578347579,0.0335808223272986,0.04695549243711866,0.0356798577068287,0.12600015301723033,0.06726122045319426,0.022438278780464317,0.01403568999355937,0.0023193326335022,140.808,10304.3,263.411,15931.4
tofu,weight-baseline,RMU,Llama-3.2-1B-Instruct,forget05,True,0.28503254432091274,0.3311184259671916,0.8907375942859003,0.16707014857448074,0.29265959103721795,0.5122878099735539,5e-05,5,EMBED_DIFF,open-unlearning/tofu_Llama-3.2-1B-Instruct_full,/home/joaoabitante/speculative-decoding-unlearning/saves/unlearn/baselines/tofu/RMU/Llama-3.2-1B-Instruct/forget05,0.06643732433207333,0.03265219234440614,0.0005217965082920273,0.20484035741574189,1.4639479233432268e-07,0.7219077304008457,0.044275,0.04390000000000001,0.3913,0.046975,49.95294854925456,0.6419258549064398,0.45334475598362267,0.39177683255619755,0.4947430274403111,0.42394431532384513,0.5652600387172577,0.4311049759721282,0.6603333333333333,0.788034188034188,0.07027384475833252,0.08708109428465832,0.0597959106615655,0.1026980439433828,0.05293304949160665,0.03931186519228504,0.026737971278524963,0.002625052016380778,135.458,10304.3,88.454,18404.1
tofu,weight-baseline,SatImp,Llama-3.2-1B-Instruct,forget05,True,0.6206094560731898,0.5830654852286392,0.6637848951949923,0.5220631878034494,0.7082309231776412,0.5803053923939584,1e-05,10,NLL,open-unlearning/tofu_Llama-3.2-1B-Instruct_full,/home/joaoabitante/speculative-decoding-unlearning/saves/unlearn/baselines/tofu/SatImp/Llama-3.2-1B-Instruct/forget05,0.5501002486050129,0.060256485101235546,0.06239966089604423,0.9085068957693875,0.000648608042418048,0.5978506669991842,0.6692875,0.7283875,0.680675,0.59245,-57.40079986552684,0.8174407160282136,0.5071902352337821,0.4024492501269073,0.5158941869511685,0.4276234253744304,0.6139170711365725,0.6786545346572194,0.7895,0.845014245014245,0.3389168108329108,0.01842006489314372,0.007328810800524098,0.0872126454138197,0.03927127565442453,0.008111389724651115,0.00281206005123543,0.039103505216771736,117.977,10304.3,263.695,18404.1
tofu,weight-baseline,SimNPO,Llama-3.2-1B-Instruct,forget05,True,0.5722032423339869,0.527418046591108,0.6651128375445778,0.46277990244500944,0.6334993284546411,0.4941373578407372,5e-05,10,NLL,open-unlearning/tofu_Llama-3.2-1B-Instruct_full,/home/joaoabitante/speculative-decoding-unlearning/saves/unlearn/baselines/tofu/SimNPO/Llama-3.2-1B-Instruct/forget05,0.583147411942482,0.05706434873176191,0.05018949673278257,0.8823489329498261,0.2704743832803917,0.6658994539447533,0.16816250000000002,0.15618749999999998,0.1919,0.172225,32.341985565818405,0.5026662071421742,0.42449555262721006,0.3921390046675377,0.48375199141959996,0.4040303129582517,0.546559894988595,0.4398449200871811,0.7170000000000001,0.7823361823361823,0.3344942568228402,0.023292451559682376,0.011493353556486785,0.10857759209349752,0.05932595481554426,0.010533777519406918,0.0047427851266167555,0.042404007456265394,115.82,10304.3,339.275,15931.4
tofu,weight-baseline,UNDIAL,Llama-3.2-1B-Instruct,forget05,True,0.6904657711253859,0.6318078623551445,0.7663759958459143,0.6962116815793449,0.6235557461498321,0.49823334064794594,0.0001,10,NLL,open-unlearning/tofu_Llama-3.2-1B-Instruct_full,/home/joaoabitante/speculative-decoding-unlearning/saves/unlearn/baselines/tofu/UNDIAL/Llama-3.2-1B-Instruct/forget05,0.28062459515407684,0.03634775558524686,0.09822220840491354,0.8331111619528383,2.6127403909667314e-07,0.5943056060507207,0.25925,0.5895375,0.5456,0.1815875,-35.623823708340055,0.5021965580061079,0.42638747401302884,0.4081298633129794,0.4993451277663206,0.4232412028668936,0.5518444720987605,0.44670640123180505,0.6176666666666667,0.805128205128205,0.3051220934272553,0.02827150991768576,0.018113515761323137,0.11208048417698592,0.06194326661953846,0.01282547563594562,0.007135194597787535,0.06251367871789261,125.872,10304.3,291.4,18404.1
tofu,weight-baseline,WGA,Llama-3.2-1B-Instruct,forget05,True,0.13463488673718488,0.13509748494369983,0.8311029585494051,0.051802100408120604,0.5633709980788005,0.5886750726155247,1e-05,10,NLL,open-unlearning/tofu_Llama-3.2-1B-Instruct_full,/home/joaoabitante/speculative-decoding-unlearning/saves/unlearn/baselines/tofu/WGA/Llama-3.2-1B-Instruct/forget05,0.15235301322769373,0.03351115692003163,0.005673397202405823,0.5401526497141458,0.004304993380033157,0.6278385443480051,0.014925000000000011,0.019700000000000013,0.2623,0.009025000000000007,53.74843161013983,0.8026488353312016,0.5061676963407915,0.41764832657710516,0.5349822490890027,0.45413099450777245,0.6379150385584839,0.6635618163705561,0.737,0.8547008547008547,0.173000053047828,0.01836581085954094,0.008735470228062835,0.09112563847680576,0.04151486115939952,0.0074397334240453965,0.0029100103955706047,0.006438314460306274,131.443,10304.3,263.28,18404.1
tofu,weight-baseline,GradDiff,Llama-3.2-1B-Instruct,forget10,True,0.00017596825541749895,0.00017596790026938575,5.93979246556085e-05,0.004739023709577459,0.5234053188215757,0.5141458211220454,2e-05,5,NLL,open-unlearning/tofu_Llama-3.2-1B-Instruct_full,/home/joaoabitante/speculative-decoding-unlearning/saves/unlearn/baselines/tofu/GradDiff/Llama-3.2-1B-Instruct/forget10,0.030909054519142956,0.03250892997513522,1.1838337539692347e-06,0.533004450587905,3.966942318975938e-200,1.4850157158576897e-05,0.0014500000000000003,0.0016749999999999988,0.0018687499999999987,0.003325,61.701524559259546,0.5157432476803661,0.4043482711459736,0.4223673826724582,0.5716185716354173,0.4797604596928801,0.6228038231687574,0.43152830888643096,0.6156666666666666,0.7440170940170941,0.02845885397364862,0.05785146456404391,0.04327102585180428,0.12001292406581342,0.0690682521373019,0.02565890511979357,0.01533599641181854,0.00439444992505014,215.639,11951.4,277.63,15931.4
tofu,weight-baseline,IdkDPO,Llama-3.2-1B-Instruct,forget10,True,0.0,0.0,0.6037221286071325,0.5370812627007113,0.0,0.0,1e-05,10,NLL,open-unlearning/tofu_Llama-3.2-1B-Instruct_full,/home/joaoabitante/speculative-decoding-unlearning/saves/unlearn/baselines/tofu/IdkDPO/Llama-3.2-1B-Instruct/forget10,0.6551644095033408,0.0984979410535882,0.08072087778011337,0.8961869689822197,0.0004368337391825136,0.6542090951760398,0.687040625,0.684259375,0.7341312500000001,0.5597875,-48.85859771231866,0.501412757858634,0.41455347209132065,0.3603660327127986,0.4184232887527955,0.41713485741712875,0.558925778706202,0.058411241220222114,0.005333333333333333,0.0,0.004386454355515487,0.1183815791271627,0.06435261361358656,0.12102175855077803,0.06843432352994569,0.06903219487809109,0.030904121521331016,0.05707221923558972,130.553,11951.4,1477.927,18404.1
tofu,weight-baseline,IdkNLL,Llama-3.2-1B-Instruct,forget10,True,0.21918554787449196,0.20446978198850663,0.49058380587342004,0.10449208236736113,0.48110623773616973,0.3264129562880392,5e-05,5,NLL,open-unlearning/tofu_Llama-3.2-1B-Instruct_full,/home/joaoabitante/speculative-decoding-unlearning/saves/unlearn/baselines/tofu/IdkNLL/Llama-3.2-1B-Instruct/forget10,0.7590427128970623,0.1415376161609843,0.09453740038909018,0.9145097059756517,9.906736183347326e-11,0.5766492381694993,0.9454375000000002,0.94831875,0.9427500000000001,0.8844624999999999,-91.62904171340867,0.5971643298491836,0.4597597004085276,0.36990502846708934,0.48186741850218406,0.3799831659738324,0.5073074359450294,0.4323079027652198,0.09733333333333334,0.5700854700854701,0.02425199438197371,0.021959726803324885,0.012889638127691998,0.10343159943586215,0.052397033610993266,0.011395775754378216,0.005877310890322273,0.05332108401920413,141.142,11951.4,276.068,15931.3
tofu,weight-baseline,NPO,Llama-3.2-1B-Instruct,forget10,True,0.610739623042664,0.5671420912510309,0.6694154286225265,0.5088299129062627,0.6882582622065274,0.5462851742013078,2e-05,10,NLL,open-unlearning/tofu_Llama-3.2-1B-Instruct_full,/home/joaoabitante/speculative-decoding-unlearning/saves/unlearn/baselines/tofu/NPO/Llama-3.2-1B-Instruct/forget10,0.5675160609185695,0.061951919692351816,0.036214325625624044,0.9299382766475901,0.813414043347709,0.6412230994510599,0.18975625000000002,0.18379375,0.21678124999999998,0.20125625000000003,32.20323540204439,0.6574120242521166,0.488543800402892,0.3989472650874998,0.5133820303452292,0.4310285541402515,0.5730109852672539,0.5035780346196671,0.8095,0.8575498575498577,0.28385079994253704,0.043528306208027064,0.019806409974185393,0.11505018742755055,0.05352166208200651,0.017821171096899586,0.007594149771504962,0.02923737047017494,154.448,11951.4,893.243,18404.1
tofu,weight-baseline,PDU,Llama-3.2-1B-Instruct,forget10,True,0.07294812335115047,0.07600096506283653,0.9591839298542958,0.02726185549565756,0.294007514068512,0.571643815366001,1e-05,10,NLL,open-unlearning/tofu_Llama-3.2-1B-Instruct_full,/home/joaoabitante/speculative-decoding-unlearning/saves/unlearn/baselines/tofu/PDU/Llama-3.2-1B-Instruct/forget10,0.02766494405688718,0.03250892997513522,8.955389427740102e-05,0.1978941621154081,6.241285733895239e-56,0.9024710793870497,0.004787499999999968,0.012678124999999964,0.022812499999999965,0.021015625000000003,59.91931727482023,0.7645342233031989,0.4866744735835677,0.3948975786682671,0.4904905592964106,0.469837697512873,0.6326031935366865,0.6423777219813936,0.7553333333333333,0.8193732193732194,0.02662589118753671,0.03922968726605177,0.033989873763158145,0.11297274452634155,0.053791832432688355,0.0186128019704726,0.01257653269725069,0.0017431778929708347,186.204,11951.4,556.043,15931.4
tofu,weight-baseline,RMU,Llama-3.2-1B-Instruct,forget10,True,0.15855475627185814,0.2669992678927926,0.9062655020895357,0.12005379514123254,0.10539762706504795,0.5546443271580805,5e-05,5,EMBED_DIFF,open-unlearning/tofu_Llama-3.2-1B-Instruct_full,/home/joaoabitante/speculative-decoding-unlearning/saves/unlearn/baselines/tofu/RMU/Llama-3.2-1B-Instruct/forget10,0.028108894599135965,0.03250892997513522,0.00026902287671873635,0.05823161514614185,5.137999089404319e-16,0.7402333349937743,0.036234374999999985,0.036309374999999984,0.5210125,0.028081249999999995,56.0916968587651,0.7614163007057596,0.4870747844015309,0.3997027518249421,0.5018488534207985,0.42734110096981753,0.5779391973978033,0.5852588525040725,0.7436666666666666,0.8051282051282052,0.0474749645721021,0.05084353012382053,0.03620610363891773,0.10934327394842967,0.051340417448620196,0.021663607435136022,0.015329062898881328,0.0017932629695327053,189.886,11951.4,183.218,18404.1
tofu,weight-baseline,SatImp,Llama-3.2-1B-Instruct,forget10,True,0.6246020027404923,0.5912532289931387,0.7168685477807623,0.5038961289959191,0.7024609397559741,0.5901528772050781,1e-05,10,NLL,open-unlearning/tofu_Llama-3.2-1B-Instruct_full,/home/joaoabitante/speculative-decoding-unlearning/saves/unlearn/baselines/tofu/SatImp/Llama-3.2-1B-Instruct/forget10,0.46091940758284183,0.0463425487669929,0.06337494609073474,0.8675606222099305,2.5720789009736948e-05,0.6216757043132447,0.6199125,0.734121875,0.7934687500000001,0.5314375,-56.93496789991133,0.8460273616015911,0.5022224625537122,0.40492871713086664,0.51765979741934,0.4422296790758241,0.628078467872237,0.7533200118588613,0.757,0.8518518518518519,0.3121986852576812,0.013599170612942545,0.0061891888022411615,0.09496093312860467,0.04238773016866901,0.005612988962502641,0.0022293564972312913,0.04131380247088964,161.202,11951.4,553.773,18404.1
tofu,weight-baseline,SimNPO,Llama-3.2-1B-Instruct,forget10,True,0.6519808033531006,0.5924560560687643,0.6633725262987135,0.6530132232367919,0.639978991762176,0.4938623974050595,5e-05,10,NLL,open-unlearning/tofu_Llama-3.2-1B-Instruct_full,/home/joaoabitante/speculative-decoding-unlearning/saves/unlearn/baselines/tofu/SimNPO/Llama-3.2-1B-Instruct/forget10,0.5864407189190388,0.05589723328818235,0.05180335763492622,0.908886768410448,0.24405687970418488,0.6675918720446257,0.26874375,0.254128125,0.26311875,0.22658437499999998,20.810977705118585,0.6134430154040456,0.4575179002466093,0.3687688059245897,0.45408376186150706,0.39414608648572713,0.5455746868158061,0.5470553271921762,0.5253333333333333,0.7182336182336182,0.3458721578878859,0.021319690928648924,0.009756251956040086,0.10900162717327476,0.05376677941977323,0.01106261691796438,0.004346168115811025,0.04265239870304503,152.066,11951.4,719.804,15931.4
tofu,weight-baseline,UNDIAL,Llama-3.2-1B-Instruct,forget10,True,0.6520811665113204,0.5978773403567542,0.7801276888220784,0.5776038139070311,0.6299124041761616,0.49884774048607244,0.0001,10,NLL,open-unlearning/tofu_Llama-3.2-1B-Instruct_full,/home/joaoabitante/speculative-decoding-unlearning/saves/unlearn/baselines/tofu/UNDIAL/Llama-3.2-1B-Instruct/forget10,0.2631738976947963,0.0350797453257089,0.09354883899446577,0.8543905344011727,2.196072998681761e-11,0.6132580409277979,0.32377187500000004,0.748103125,0.73130625,0.23160625,-59.19955051581064,0.6048093292303384,0.45176717255753074,0.36596573561820533,0.4540976854502135,0.41425787458650243,0.5615844780732214,0.5685356307253095,0.5228333333333333,0.7279202279202278,0.290877295436087,0.018987642240626882,0.014446532131760484,0.11428955026436598,0.057827934559791745,0.009896960714916836,0.006166164385228618,0.05964542030342272,157.881,11951.4,612.403,18404.1
tofu,weight-baseline,WGA,Llama-3.2-1B-Instruct,forget10,True,0.015356310845215906,0.015680932417283626,0.9265835186868915,0.005303667446632709,0.17447705090896695,0.5927171185332649,1e-05,10,NLL,open-unlearning/tofu_Llama-3.2-1B-Instruct_full,/home/joaoabitante/speculative-decoding-unlearning/saves/unlearn/baselines/tofu/WGA/Llama-3.2-1B-Instruct/forget10,0.01427575193811208,0.03250892997513522,0.00015907370471161643,0.10229467308898166,6.159412995752159e-18,0.788213843617885,0.00417187499999998,0.007728124999999976,0.6903374999999999,0.0005062499999999969,60.72108277852709,0.8377711958438158,0.4979336473781122,0.41936899770800323,0.5371762083964207,0.44745603842969633,0.6167066996705155,0.7359836408694488,0.7845,0.8022792022792024,0.022953236337792754,0.014577873566886411,0.006914779967424735,0.09040880936314352,0.04041341334109939,0.00555999874165309,0.0024173205425991047,0.002344772003710802,185.661,11951.4,558.171,18404.1
tofu,weight-baseline,GradDiff,Llama-3.2-3B-Instruct,forget01,True,0.0,0.0,0.16379598781139215,0.0,0.7483410129675937,0.6517948275088522,2e-05,5,NLL,open-unlearning/tofu_Llama-3.2-3B-Instruct_full,/home/joaoabitante/speculative-decoding-unlearning/saves/unlearn/baselines/tofu/GradDiff/Llama-3.2-3B-Instruct/forget01,0.9480249300599098,0.5381173057655719,0.06006215750239789,0.8784619439393282,0.02860307028023343,0.5123798104107362,0.99625,0.996875,0.961875,1.0,-99.29378528829518,0.9361708164215088,0.5462175833624429,0.4769312651211707,0.6288412585748564,0.471067467536509,0.6318384552775,0.8723376891868608,0.8213333333333332,0.8675213675213675,0.7290873033640806,0.012958190464523796,0.00334581471996648,0.05590616401634179,0.021471077757094045,0.003456606684783191,0.0010248598754740768,0.030308110822516034,125.962,13060.0,52.203,31785.1
tofu,weight-baseline,IdkDPO,Llama-3.2-3B-Instruct,forget01,True,0.0,0.0,0.1480335481591681,0.0,0.7604108886000293,0.6564681404157635,1e-05,10,NLL,open-unlearning/tofu_Llama-3.2-3B-Instruct_full,/home/joaoabitante/speculative-decoding-unlearning/saves/unlearn/baselines/tofu/IdkDPO/Llama-3.2-3B-Instruct/forget01,0.9533333018422127,0.6091123927825414,0.1545929241925478,0.9034616852179169,0.01430154804770646,0.5401893293375631,0.9987499999999999,0.999375,0.994375,1.0,-99.85875703957994,0.8811851742863656,0.5065819297936769,0.47664635990904686,0.6094174532747625,0.5220475773833706,0.6835465524957514,0.8227567304018168,0.883,0.8806267806267806,0.6441560904124043,0.09955497027607635,0.054079078735995635,0.13388477523112668,0.0598444880653733,0.030426236585869147,0.015064848478297085,0.08100665162084623,126.515,13060.0,156.924,38211.2
tofu,weight-baseline,IdkNLL,Llama-3.2-3B-Instruct,forget01,True,0.09758988445302295,0.09668346725266018,0.33720117216733625,0.03784289141825111,0.7405980399583344,0.6103295625220673,5e-05,5,NLL,open-unlearning/tofu_Llama-3.2-3B-Instruct_full,/home/joaoabitante/speculative-decoding-unlearning/saves/unlearn/baselines/tofu/IdkNLL/Llama-3.2-3B-Instruct/forget01,0.8680715188384056,0.29349795975309484,0.16088220495730637,0.9415653377771378,0.16497269950224194,0.5968942365677996,0.9771875000000001,0.986875,0.975,0.98875,-97.03389828315618,0.7019347479939461,0.45378872962085864,0.5318161980822068,0.68205879509111,0.5471274699225804,0.7052758850102013,0.4516136263136447,0.867,0.8635327635327635,0.0605297626797916,0.353096411023289,0.20511464669536322,0.15310933079570532,0.07864592940191505,0.10674910861377913,0.059841862886990206,0.09675986249931157,117.271,13060.0,44.148,31785.1
tofu,weight-baseline,NPO,Llama-3.2-3B-Instruct,forget01,True,0.6444797027030148,0.6129199741377842,0.6269899967617633,0.5826871154254063,0.7441533447199592,0.6315147041247243,2e-05,10,NLL,open-unlearning/tofu_Llama-3.2-3B-Instruct_full,/home/joaoabitante/speculative-decoding-unlearning/saves/unlearn/baselines/tofu/NPO/Llama-3.2-3B-Instruct/forget01,0.6290182076394558,0.07647764035522706,0.0746958062518388,0.9056956224143505,0.9188052214121167,0.6576349114975597,0.35625000000000007,0.316875,0.318125,0.36,54.37853106115739,0.7116165731474757,0.5245768685628875,0.47749122421223994,0.6237256403547772,0.5394791731301274,0.7252906114396597,0.5642576481471933,0.9213333333333332,0.8678062678062678,0.32864129422402616,0.03151615892827977,0.015132359087733948,0.1266428510984406,0.054826707584585854,0.009667237506637321,0.0041668157731092744,0.057231036601588126,130.641,13060.0,110.699,38211.2
tofu,weight-baseline,PDU,Llama-3.2-3B-Instruct,forget01,True,0.14955549101487456,0.15074267466125105,0.7266751707486834,0.058730692201559805,0.6037039755927531,0.6673511340209629,1e-05,10,NLL,open-unlearning/tofu_Llama-3.2-3B-Instruct_full,/home/joaoabitante/speculative-decoding-unlearning/saves/unlearn/baselines/tofu/PDU/Llama-3.2-3B-Instruct/forget01,0.4893620744347572,0.05649994610130939,0.020642159169074147,0.5511401830706746,0.7659314523482239,0.6824879266319813,0.19968750000000002,0.395625,0.99375,0.26187499999999997,36.581920895687695,0.6342101352661849,0.5376064030446099,0.5812599741308635,0.7224465630949155,0.629010409632057,0.8088520635060644,0.5881046832668982,0.8036666666666668,0.8518518518518517,0.23358729829958041,0.11873260620399378,0.06361256437174653,0.09371179828885942,0.03799221665026562,0.02340116830899206,0.013333381951941092,0.014473343500867486,136.274,13060.0,77.717,31785.1
tofu,weight-baseline,RMU,Llama-3.2-3B-Instruct,forget01,True,0.7169678061513717,0.6836865021995627,0.6168536450741459,0.8226513341776005,0.7420729530701852,0.6446355340886031,5e-05,5,EMBED_DIFF,open-unlearning/tofu_Llama-3.2-3B-Instruct_full,/home/joaoabitante/speculative-decoding-unlearning/saves/unlearn/baselines/tofu/RMU/Llama-3.2-3B-Instruct/forget01,0.648397047072649,0.05119249569120834,0.044243256340269,0.8742109689861536,0.7659314523482239,0.6492843534846182,0.6640624999999999,0.683125,0.6256250000000001,0.6234375000000001,-28.389830502058793,0.8020244923233986,0.5167671856432962,0.5144477359288614,0.6673827530518271,0.5284365436715669,0.6942918828585556,0.6230796769571275,0.812,0.856125356125356,0.34511009549919436,0.028487815988628425,0.011616047949607888,0.0771066296112258,0.03236063273904032,0.0056989367870513286,0.0027250304415418285,0.03462699588795658,127.489,13060.0,40.748,38211.2
tofu,weight-baseline,SatImp,Llama-3.2-3B-Instruct,forget01,True,0.11013244725985931,0.10936289998287242,0.3120965093113644,0.04404820721121552,0.7499670268748327,0.6557078191848161,1e-05,10,NLL,open-unlearning/tofu_Llama-3.2-3B-Instruct_full,/home/joaoabitante/speculative-decoding-unlearning/saves/unlearn/baselines/tofu/SatImp/Llama-3.2-3B-Instruct/forget01,0.8807478800415993,0.29236725371233085,0.06643765945918859,0.875875785574317,0.02860307028023343,0.513709618819003,0.978125,0.980625,0.8787499999999999,0.990625,-95.6214689049443,0.9404796819388866,0.5455227462512378,0.4762691672525121,0.6249608140848043,0.480023505142156,0.6416434582958276,0.8918232436000677,0.8163333333333332,0.8760683760683761,0.5493761616195487,0.014021812101855175,0.003909482586191888,0.062127314095268955,0.024013505944713937,0.0036908618487571233,0.0011822685158434933,0.03452879005344585,127.542,13060.0,112.174,38211.2
tofu,weight-baseline,SimNPO,Llama-3.2-3B-Instruct,forget01,True,0.5376036420799075,0.5076383363332158,0.48557968839787324,0.479742575088577,0.6961490927103963,0.5662919109762911,5e-05,10,NLL,open-unlearning/tofu_Llama-3.2-3B-Instruct_full,/home/joaoabitante/speculative-decoding-unlearning/saves/unlearn/baselines/tofu/SimNPO/Llama-3.2-3B-Instruct/forget01,0.759580335021019,0.1462241025147452,0.06119258776307106,0.903281919658184,0.16497269950224194,0.5429664039222704,0.8378125000000001,0.8331249999999999,0.6225,0.781875,-62.2881355791439,0.6362590375170112,0.48959562559400605,0.46186303020858743,0.608690434140103,0.40540906339692534,0.5444283453544657,0.508205307541355,0.9123333333333333,0.9062678062678062,0.40771390676380365,0.014913142103278005,0.0030518737027174455,0.06690175628638827,0.030481192081456027,0.00456928298765078,0.0010050949705625613,0.037063806077349,136.152,13060.0,93.103,31785.1
tofu,weight-baseline,UNDIAL,Llama-3.2-3B-Instruct,forget01,True,0.28548214777081493,0.27520483094201975,0.775105269989192,0.12916151614748972,0.6774395526815452,0.5351657726115948,0.0001,10,NLL,open-unlearning/tofu_Llama-3.2-3B-Instruct_full,/home/joaoabitante/speculative-decoding-unlearning/saves/unlearn/baselines/tofu/UNDIAL/Llama-3.2-3B-Instruct/forget01,0.40651445686817167,0.04127515301545291,0.07416066778823734,0.9227535009384156,0.2656871402817289,0.7393850975794839,0.07593749999999999,0.08375000000000002,0.17625,0.043125000000000004,107.06214686846054,0.41854520436376336,0.394798479888556,0.505837713825098,0.6576368332211492,0.5234832321892932,0.6788485920963139,0.3702406759082902,0.8413333333333333,0.8891737891737892,0.23395936509148346,0.20542481767013668,0.11706338805528596,0.13445253865793347,0.07868375001719688,0.06761866794123003,0.03588956613728758,0.06806893666740507,187.599,13060.0,96.319,38211.2
tofu,weight-baseline,WGA,Llama-3.2-3B-Instruct,forget01,True,0.3282049220210446,0.3221399571797953,0.41839618650758126,0.1846396730936165,0.749289598390433,0.6637069145162405,1e-05,10,NLL,open-unlearning/tofu_Llama-3.2-3B-Instruct_full,/home/joaoabitante/speculative-decoding-unlearning/saves/unlearn/baselines/tofu/WGA/Llama-3.2-3B-Instruct/forget01,0.8136217355728149,0.18813354840146662,0.07621449464932084,0.8602107662474736,0.02860307028023343,0.5317304786085029,0.93125,0.9325,0.769375,0.94,-84.74576269271282,0.9351456572115421,0.546321638602432,0.4825032800179469,0.6301176889654142,0.49492433937303404,0.6617936421450374,0.895876559795992,0.8263333333333333,0.874928774928775,0.4799796332727744,0.0167931262197817,0.005055032585230822,0.07405120861018076,0.02888223173708866,0.0044077748929008944,0.00150230584282389,0.04225686461257282,127.184,13060.0,90.13,38211.2
tofu,weight-baseline,GradDiff,Llama-3.2-3B-Instruct,forget05,True,0.5737610064353135,0.5504068785347759,0.6091644740019034,0.45675589877036427,0.7154550408423795,0.6174488790909202,2e-05,5,NLL,open-unlearning/tofu_Llama-3.2-3B-Instruct_full,/home/joaoabitante/speculative-decoding-unlearning/saves/unlearn/baselines/tofu/GradDiff/Llama-3.2-3B-Instruct/forget05,0.6121725180745125,0.09567689839870788,0.01248837097015894,0.850443943599239,0.0878382826713132,0.5349140322168273,0.20308749999999998,0.18977499999999997,0.14707499999999998,0.164175,26.666927221657623,0.6912202141433954,0.5481752378808922,0.48067725469907197,0.6195770498320776,0.5329373953898444,0.7013449451133531,0.5496683679221626,0.7503333333333333,0.8646723646723646,0.30059471089786516,0.044068644802900965,0.018327933527517517,0.05252439395946567,0.019783967541403907,0.011002666937577793,0.003907043515960378,0.007484939038438598,188.789,14267.1,306.805,31785.1
tofu,weight-baseline,IdkDPO,Llama-3.2-3B-Instruct,forget05,True,0.0,0.0,0.5726037680104158,0.45648037533811925,0.0,0.0,1e-05,10,NLL,open-unlearning/tofu_Llama-3.2-3B-Instruct_full,/home/joaoabitante/speculative-decoding-unlearning/saves/unlearn/baselines/tofu/IdkDPO/Llama-3.2-3B-Instruct/forget05,0.689484496563673,0.11573568730095275,0.107322170259431,0.9709346038103104,0.016258459276759563,0.6604698279870062,0.690875,0.7048249999999999,0.8212999999999999,0.5711374999999999,-53.85366996734875,0.4841095409542322,0.4076707540891519,0.4754103577424507,0.6090681503486685,0.4975437451099948,0.6514611994616621,0.01477546036079742,0.005333333333333333,0.0,0.016979548826581946,0.26851828433573244,0.15713108940702727,0.1375471163028851,0.07897903290216345,0.10079817209004734,0.05608580989744568,0.07306034380104393,139.159,14267.1,1258.943,38211.3
tofu,weight-baseline,IdkNLL,Llama-3.2-3B-Instruct,forget05,True,0.27819317491031065,0.26391421313665797,0.45756106207684677,0.14335061908112517,0.616344247051204,0.4533242355722736,5e-05,5,NLL,open-unlearning/tofu_Llama-3.2-3B-Instruct_full,/home/joaoabitante/speculative-decoding-unlearning/saves/unlearn/baselines/tofu/IdkNLL/Llama-3.2-3B-Instruct/forget05,0.7859723716974258,0.18746813202539825,0.09858047243207693,0.9624516677856445,0.00018395764501293307,0.5781595705737378,0.919475,0.9213124999999999,0.926625,0.8537125,-87.69835064680709,0.6501814101263881,0.4707594119624744,0.40991611673328515,0.5171322485746973,0.44345836407044437,0.5989461142638339,0.4389593343034466,0.26366666666666666,0.5487179487179487,0.01191647494272503,0.024744433103114714,0.01228308155277462,0.1171663513733074,0.05694932638289583,0.009848628687999128,0.004213963516186801,0.05653539830492809,167.998,14267.1,291.008,31785.1
tofu,weight-baseline,NPO,Llama-3.2-3B-Instruct,forget05,True,0.4936033591932092,0.46626675845627763,0.7027057104897709,0.31503748163144124,0.6754665930618001,0.5444284110875289,2e-05,10,NLL,open-unlearning/tofu_Llama-3.2-3B-Instruct_full,/home/joaoabitante/speculative-decoding-unlearning/saves/unlearn/baselines/tofu/NPO/Llama-3.2-3B-Instruct/forget05,0.5302667162567377,0.056444421741299884,0.04634297317068558,0.8895788485184312,0.016258459276759563,0.6872853804995844,0.0873,0.102875,0.171375,0.132075,40.25248181970568,0.5181089235842228,0.46300416605192246,0.4341194392339346,0.5481837938642347,0.4714772259783581,0.6316892678815789,0.42202848583647534,0.8923333333333332,0.8934472934472935,0.2567602104774638,0.032953978671575894,0.026406962062436732,0.1472654519136995,0.07533529644313011,0.012920278233577848,0.008205192534634219,0.039894869548617866,179.866,14267.1,872.228,38211.2
tofu,weight-baseline,PDU,Llama-3.2-3B-Instruct,forget05,True,0.08824692576225047,0.10013072182288366,0.9627962084727688,0.036527332445835885,0.17920769556100985,0.6470675802949669,1e-05,10,NLL,open-unlearning/tofu_Llama-3.2-3B-Instruct_full,/home/joaoabitante/speculative-decoding-unlearning/saves/unlearn/baselines/tofu/PDU/Llama-3.2-3B-Instruct/forget05,0.027021989901550116,0.03265219234440614,6.443321520237077e-05,0.10400630854841438,1.6335699044404293e-46,0.9149345527247081,0.005450000000000004,0.0109,0.770575,0.0385,54.631439059699595,0.7254076680541038,0.4778385750797635,0.5318573464559798,0.6901511939591015,0.5474151714363393,0.7176972471146282,0.5946597667144607,0.898,0.9148148148148147,0.027467953528233755,0.0685133113793563,0.026758301776968654,0.13249206880107522,0.06438995074611376,0.018800711648485353,0.006830354748797778,0.0018857758830081368,215.345,14267.1,587.285,31785.1
tofu,weight-baseline,RMU,Llama-3.2-3B-Instruct,forget05,True,0.3260251976638308,0.3382497494025447,0.8599103418311884,0.16109619060138292,0.5460424668703577,0.6671991760335277,5e-05,5,EMBED_DIFF,open-unlearning/tofu_Llama-3.2-3B-Instruct_full,/home/joaoabitante/speculative-decoding-unlearning/saves/unlearn/baselines/tofu/RMU/Llama-3.2-3B-Instruct/forget05,0.18079093988984823,0.032946309991464966,0.003076322097695083,0.4621251528861467,8.056669472003223e-07,0.7174612217667911,0.04500000000000001,0.06170000000000001,0.79435,0.034612500000000004,46.68959586544366,0.883718303591013,0.5152963575720281,0.49365027249379956,0.6324726867007553,0.5320776761321243,0.7052396421365136,0.7840506983817727,0.8873333333333333,0.9005698005698005,0.11347806409682727,0.026805362840532324,0.011880516092496225,0.09585384319769219,0.040827038994581455,0.00649404307228148,0.0028413901282627794,0.004452659193229919,209.729,14267.1,246.168,38211.2
tofu,weight-baseline,SatImp,Llama-3.2-3B-Instruct,forget05,True,0.1439308639010694,0.1459951973642421,0.8256935614832904,0.056318429468582044,0.533031867186611,0.6323746256648531,1e-05,10,NLL,open-unlearning/tofu_Llama-3.2-3B-Instruct_full,/home/joaoabitante/speculative-decoding-unlearning/saves/unlearn/baselines/tofu/SatImp/Llama-3.2-3B-Instruct/forget05,0.3267125820927322,0.04139345085221826,0.010321971384619245,0.4606639595891465,4.024806511439489e-06,0.7659595515121026,0.03408750000000003,0.0991125,0.988475,0.024200000000000017,40.84069412321726,0.8886890921741724,0.4986076029850045,0.42817035108202445,0.54633853077567,0.5211867304690374,0.7008567251232741,0.7966506619110535,0.833,0.8817663817663817,0.12640364472345944,0.03677514055205393,0.014676773027335173,0.11276518022175878,0.05095692299256325,0.011821465434741187,0.004166233699866635,0.009669392891730239,209.863,14267.1,683.387,38211.2
tofu,weight-baseline,SimNPO,Llama-3.2-3B-Instruct,forget05,True,0.5102952923801192,0.47947309752330475,0.6602027125734924,0.34222937254778896,0.6933630685434606,0.5494007155819476,5e-05,10,NLL,open-unlearning/tofu_Llama-3.2-3B-Instruct_full,/home/joaoabitante/speculative-decoding-unlearning/saves/unlearn/baselines/tofu/SimNPO/Llama-3.2-3B-Instruct/forget05,0.5952178953588009,0.060698747980569755,0.044187158567365256,0.9395612283796072,0.220541217580421,0.6768514165357865,0.1245625,0.1153625,0.13245000000000004,0.1464625,38.30024231403106,0.55226960234344,0.4402137017394483,0.43907003785857013,0.5610697850881082,0.4556040112539695,0.614082525016624,0.4652254936818895,0.856,0.9105413105413105,0.32504683554390823,0.0338438782049343,0.01456530286005491,0.115691688277293,0.06073838764921776,0.011875947281556972,0.005028638473756775,0.03612652674689889,177.659,14267.1,684.121,31785.1
tofu,weight-baseline,UNDIAL,Llama-3.2-3B-Instruct,forget05,True,0.725163197797137,0.6787909262470551,0.7440401458497976,0.7741141352594696,0.6661394743162999,0.560597713912354,0.0001,10,NLL,open-unlearning/tofu_Llama-3.2-3B-Instruct_full,/home/joaoabitante/speculative-decoding-unlearning/saves/unlearn/baselines/tofu/UNDIAL/Llama-3.2-3B-Instruct/forget05,0.34802246049046515,0.034865978580753354,0.10993577565066516,0.820638129375875,0.00018395764501293307,0.5943116526372728,0.29974999999999996,0.55745,0.57695,0.225325,-30.813726251729275,0.5452271160110831,0.4452507638733698,0.46923880666247747,0.5862313354054288,0.4760285714110473,0.6210584781895088,0.4710021840252573,0.841,0.8974358974358975,0.3007890222291628,0.03922294272284489,0.027635784454867106,0.11827994795748964,0.06185994622508753,0.013002704504142457,0.009541647442656955,0.06700900367274881,176.681,14267.1,748.534,38211.2
tofu,weight-baseline,WGA,Llama-3.2-3B-Instruct,forget05,True,0.060213227779831166,0.06414756220845348,0.9215239663500758,0.02266154776781234,0.21691184031068916,0.643335341963278,1e-05,10,NLL,open-unlearning/tofu_Llama-3.2-3B-Instruct_full,/home/joaoabitante/speculative-decoding-unlearning/saves/unlearn/baselines/tofu/WGA/Llama-3.2-3B-Instruct/forget05,0.03432214995846152,0.03265219234440614,0.0007052728321502855,0.13044720667181536,8.330858010549734e-16,0.7870088494044418,0.01098750000000001,0.01160000000000001,0.853775,0.0026750000000000025,54.52200421253465,0.8805352342128754,0.5110082489170236,0.4498496081482216,0.5901766213708303,0.5196167844753737,0.6964054976482515,0.7685007910873662,0.838,0.8891737891737892,0.020826151825115904,0.030281702261563622,0.013578655747209206,0.0964819396333769,0.04099257729632977,0.00977183536382957,0.0035370693013573374,0.004377367438649571,210.127,14267.1,681.619,38211.2
tofu,weight-baseline,GradDiff,Llama-3.2-3B-Instruct,forget10,True,0.004954825600085106,0.004962313600261005,0.0018376666406686192,0.01702513094073661,0.3898156206002762,0.6054454035442179,2e-05,5,NLL,open-unlearning/tofu_Llama-3.2-3B-Instruct_full,/home/joaoabitante/speculative-decoding-unlearning/saves/unlearn/baselines/tofu/GradDiff/Llama-3.2-3B-Instruct/forget10,0.022054675719700753,0.03250892997513522,9.462529355002989e-08,0.28744270878727546,1.2303404345238932e-206,0.00046006261006136017,0.0041312499999999995,0.004875,0.01385625,0.013790625,64.22051466115697,0.5847777266602497,0.4949531385297107,0.4991970861219059,0.6671500033550902,0.5876163259632896,0.7637077734894839,0.46376228936210934,0.762,0.8675213675213675,0.014158808479532166,0.08065442955454273,0.04153469768129009,0.11954055130714551,0.0577912323233836,0.021030419387739512,0.007285939281092697,0.0010951591811816392,348.56,15916.4,644.075,31785.1
tofu,weight-baseline,IdkDPO,Llama-3.2-3B-Instruct,forget10,True,0.0,0.0,0.580905465722725,0.45038590851980254,0.0,0.0,1e-05,10,NLL,open-unlearning/tofu_Llama-3.2-3B-Instruct_full,/home/joaoabitante/speculative-decoding-unlearning/saves/unlearn/baselines/tofu/IdkDPO/Llama-3.2-3B-Instruct/forget10,0.6796750774234533,0.105437512523145,0.08574369154637679,0.9695958225429058,0.00017795251634334,0.6441963464377031,0.744446875,0.736521875,0.7981875,0.59714375,-56.519519355326565,0.6240273914113641,0.48192959508057853,0.5104419247012043,0.6571352755277878,0.5180989328806774,0.6703370191765009,0.09233651701967148,0.005333333333333333,0.0,0.013678865571044528,0.23714548893272877,0.1263857235431544,0.13005631179083138,0.06269145372489585,0.07699889736094823,0.040437273410937634,0.05873454640252749,206.922,15916.4,2685.952,38211.3
tofu,weight-baseline,IdkNLL,Llama-3.2-3B-Instruct,forget10,True,0.22282902219536202,0.21390333306712192,0.4503364838909298,0.10360024463797823,0.6288562204119649,0.4646887169476033,5e-05,5,NLL,open-unlearning/tofu_Llama-3.2-3B-Instruct_full,/home/joaoabitante/speculative-decoding-unlearning/saves/unlearn/baselines/tofu/IdkNLL/Llama-3.2-3B-Instruct/forget10,0.7932926885038615,0.173797930931589,0.10202021554112434,0.9723852330446243,4.360395687512671e-09,0.5812194470503711,0.9501656249999999,0.9509062500000001,0.9380624999999999,0.8847437499999999,-91.89830332143394,0.6592725591361522,0.4643839349704128,0.42338526550967864,0.5435998855887929,0.4347598598350708,0.5785457107852047,0.5065276068825014,0.2553333333333333,0.634188034188034,0.024843659911488195,0.021228790485947682,0.009907874830181148,0.11284129672101699,0.05492403793857193,0.00796378883786474,0.0033130091277867686,0.0580800215479685,224.772,15916.4,615.087,31785.4
tofu,weight-baseline,NPO,Llama-3.2-3B-Instruct,forget10,True,0.5335732602634512,0.506439471280902,0.6850351557305202,0.3609316670178787,0.7183474469211225,0.5905550455506449,2e-05,10,NLL,open-unlearning/tofu_Llama-3.2-3B-Instruct_full,/home/joaoabitante/speculative-decoding-unlearning/saves/unlearn/baselines/tofu/NPO/Llama-3.2-3B-Instruct/forget10,0.5404728764295578,0.05857336934644404,0.026416320285934488,0.916719866162166,0.32218506015364723,0.6354792397752081,0.121934375,0.1275875,0.18037499999999998,0.155184375,43.96988292812628,0.6843680333346128,0.5164324714431651,0.4444296909148358,0.556660461756895,0.48956113843940674,0.6544898565982671,0.5293597789434838,0.8193333333333334,0.8962962962962964,0.27729320833264504,0.040225936473580075,0.015068173344217908,0.11942739832447842,0.051981364585964904,0.014822994728089423,0.004121000685795127,0.023051659039527293,244.586,15916.4,1876.405,38211.2
tofu,weight-baseline,PDU,Llama-3.2-3B-Instruct,forget10,True,0.04947240187653644,0.05717491697576207,0.9700857801111117,0.020022509732147337,0.10346350263145215,0.6684778246730169,1e-05,10,NLL,open-unlearning/tofu_Llama-3.2-3B-Instruct_full,/home/joaoabitante/speculative-decoding-unlearning/saves/unlearn/baselines/tofu/PDU/Llama-3.2-3B-Instruct/forget10,0.015977673993911593,0.03250892997513522,1.7874470379410924e-05,0.056070934343879344,1.117156757706692e-78,0.9315406591202751,0.0032875000000000005,0.00630625,0.847415625,0.023171874999999998,63.9843226133387,0.806557698615361,0.5066607831543741,0.539944376215497,0.6947211659589224,0.5388990289190044,0.7012897219019021,0.6967280894133131,0.8813333333333333,0.9034188034188034,0.016746943648394595,0.05264355259598233,0.02323136601694581,0.11341506444383413,0.050647844290250765,0.01340108842183933,0.006046214949597044,0.00035340194892114597,418.646,15916.4,1250.179,31785.1
tofu,weight-baseline,RMU,Llama-3.2-3B-Instruct,forget10,True,0.11859034849928957,0.12831645145997678,0.9071933217505987,0.04809685677117322,0.29381623344485813,0.6729391036984657,5e-05,5,EMBED_DIFF,open-unlearning/tofu_Llama-3.2-3B-Instruct_full,/home/joaoabitante/speculative-decoding-unlearning/saves/unlearn/baselines/tofu/RMU/Llama-3.2-3B-Instruct/forget10,0.06890764219686389,0.03262797759418284,0.0004631308857096883,0.1879361080257513,1.3092627063797803e-28,0.768636904196343,0.013159374999999975,0.016481249999999975,0.8464875000000001,0.01206562499999998,62.30519312055199,0.9061720353737474,0.5251682949106449,0.4990418198417117,0.631561319014944,0.5196723981753882,0.6964782022150988,0.8466828938827681,0.907,0.8806267806267806,0.04438626283444551,0.02859339604154229,0.01229922415215588,0.09746375312563033,0.0408318093268117,0.006268434734365657,0.0028945014972406096,0.0014987404358139428,300.422,15916.4,519.782,38211.2
tofu,weight-baseline,SatImp,Llama-3.2-3B-Instruct,forget10,True,0.06138107196918299,0.06221110839495652,0.8340647240457673,0.021994361106914606,0.4525183812888583,0.6419505917016667,1e-05,10,NLL,open-unlearning/tofu_Llama-3.2-3B-Instruct_full,/home/joaoabitante/speculative-decoding-unlearning/saves/unlearn/baselines/tofu/SatImp/Llama-3.2-3B-Instruct/forget10,0.3031281849136576,0.04118175906186797,0.004933057732996531,0.34941117603761085,1.0973970510505411e-09,0.7616733897515967,0.02945625000000001,0.13213125,0.99660625,0.01932499999999998,43.22005053177742,0.9073003216832877,0.5114252035487293,0.456689405375114,0.599183903470995,0.47946849704431466,0.6529817871475383,0.824934100498487,0.853,0.9074074074074073,0.10799618481731513,0.02256120782229118,0.007887161206037148,0.08894091034773738,0.037445027109682366,0.006919580146851937,0.00254026842318821,0.005609248549633777,300.085,15916.4,1455.285,38211.2
tofu,weight-baseline,SimNPO,Llama-3.2-3B-Instruct,forget10,True,0.5955149789154041,0.5578291735541302,0.6651376305871465,0.47716196854281706,0.6951763206563555,0.5621711147014913,5e-05,10,NLL,open-unlearning/tofu_Llama-3.2-3B-Instruct_full,/home/joaoabitante/speculative-decoding-unlearning/saves/unlearn/baselines/tofu/SimNPO/Llama-3.2-3B-Instruct/forget10,0.5859330157190561,0.05986293033141376,0.04647020063537639,0.9106223004497588,0.18096072488295206,0.6728048132798147,0.19541875,0.18191562500000003,0.19065,0.19471249999999998,35.00438347109412,0.6510406425967813,0.4604602734768025,0.44888663061180145,0.57262195731157,0.4236621803710937,0.5560122855972128,0.5859576062624181,0.768,0.8621082621082622,0.3390919338965007,0.024462043733547035,0.009638799416891813,0.11427619982277974,0.055838782715189376,0.007761681875684493,0.0035798106630283663,0.041165724469799894,241.017,15916.4,1443.214,31785.1
tofu,weight-baseline,UNDIAL,Llama-3.2-3B-Instruct,forget10,True,0.7026603467378265,0.6530136863196584,0.75168685195261,0.6878564305238439,0.673239659604433,0.5525010055815016,0.0001,10,NLL,open-unlearning/tofu_Llama-3.2-3B-Instruct_full,/home/joaoabitante/speculative-decoding-unlearning/saves/unlearn/baselines/tofu/UNDIAL/Llama-3.2-3B-Instruct/forget10,0.3280629128590226,0.035334030771199926,0.10536041612736881,0.8615053804160562,1.3150137716657251e-11,0.5956871731761996,0.357528125,0.6930312500000001,0.6664375,0.256909375,-49.34247846125028,0.6259310849756002,0.45516209230806753,0.42961726121390514,0.5573693275295595,0.4428694974889685,0.5940741150245523,0.6000656256480494,0.638,0.8347578347578348,0.30515587784168835,0.034188163534090564,0.02844174091107064,0.11932827302953228,0.059610106680771185,0.013160593495558714,0.010557282820826283,0.06388424810030846,243.482,15916.4,1598.362,38211.2
tofu,weight-baseline,WGA,Llama-3.2-3B-Instruct,forget10,True,0.009107646352044434,0.009167904840770024,0.9195982585309813,0.0030808027157523585,0.26915050376373445,0.6450086562537404,1e-05,10,NLL,open-unlearning/tofu_Llama-3.2-3B-Instruct_full,/home/joaoabitante/speculative-decoding-unlearning/saves/unlearn/baselines/tofu/WGA/Llama-3.2-3B-Instruct/forget10,0.0272485818923451,0.03250892997513522,0.0004283882750394241,0.1700558812136296,2.213522258546535e-19,0.7765881674208782,0.0037218749999999804,0.007674999999999982,0.9204875,0.0002749999999999958,63.758444628743916,0.9049358978495001,0.5063611170721418,0.4631236178498172,0.6143026478034563,0.49090327275771156,0.6559578951365564,0.8230696782111252,0.8490000000000001,0.8834757834757834,0.020919296536319573,0.02442552487074863,0.008901067871954734,0.08725540909566916,0.037156933342286036,0.007297499669497633,0.002725612796675861,0.002831684368944195,302.237,15916.4,1439.321,38211.2
